CardinalId,Alive,Order,Name,Decorated,YearsInOffice,SiblingSpouse,ParentChild,PassportNr,PersonalWealth,Continent
846,0,CD,Cleostrata Sidonius,yes,42,0,0,C.A. 5547,7.55,America
747,0,CD,Cyamus Pratensis,yes,16,1,1,C.A. 2673,20.25,America
280,1,CD,Daemones Trailus,no,35,1,1,C.A. 2673,20.25,America
309,0,CP,Epidicus Ignatius,yes,30,1,0,P/PP 3381,24,Eurasia
875,1,CP,Alcmena Novation,no,28,1,0,P/PP 3381,24,Eurasia
366,0,CD,Abrahamus Fortunatus,yes,30,0,0,C 7076,7.25,America
402,0,CD,Angelus Taurinus,yes,26,0,0,341826,8.05,America
41,0,CD,Phaedria Vestorius,no,40,1,0,7546,9.475,America
856,1,CD,Hanno Verres,no,18,0,1,392091,9.35,America
208,1,CD,Cleomachus Pilus,yes,26,0,0,2699,187.875,Eurasia
811,0,CD,Mnesilochus Diocourides,yes,26,0,0,3474,78.875,America
841,0,CD,Diniarchus Epolonius,yes,20,0,0,SOTON/O2 3101287,7.925,America
211,0,CD,Epignomus Lucceius,yes,24,0,0,SOTON/O.Q. 3101311,7.05,America
785,0,CD,Acropolistis Marsus,yes,25,0,0,SOTON/O.Q. 3101312,7.05,America
731,1,CB,Pistoclerus Faber,no,29,0,0,24160,2.113.375,America
5,0,CD,Sparax Octobrius,yes,35,0,0,373450,8.05,America
306,1,CB,Pleusicles Celatus,yes,0.92,1,2,113781,151.55,America
298,0,CB,Argyrippus Castorius,no,2,1,2,113781,151.55,America
499,0,CB,Cleareta Victorinus,no,25,1,2,113781,151.55,America
835,0,CD,Stephanium Postumus,yes,18,0,0,2223,8.3,America
193,1,CD,Citrio Metellus,no,19,1,0,350046,78.542,America
461,1,CB,Firminus Catus,yes,48,0,0,19952,26.55,America
851,0,CD,Palinurus Perennis,yes,4,4,2,347082,31.275,America
814,0,CD,Advocati Pulcher,no,6,4,2,347082,31.275,America
120,0,CD,Auxilium Ingenuus,no,2,4,2,347082,31.275,America
69,1,CD,Artemona Eugenius,no,17,4,2,3101281,7.925,America
542,0,CD,Gripus Mauricius,no,9,4,2,347082,31.275,America
543,0,CD,Panegyris Acaunus,no,11,4,2,347082,31.275,America
14,0,CD,Sceledrus Eugenus,yes,39,1,5,347082,31.275,America
147,1,CD,Curculio Laurentius,yes,27,0,0,350043,77.958,America
611,0,CD,Sosicles Caesar,no,39,1,5,347082,31.275,America
92,0,CD,Euclio Drusillus,yes,20,0,0,347466,78.542,America
145,0,CP,Agorastocles Pollio,yes,18,0,0,231945,11.5,America
276,1,CB,Adulescens Longinus,no,63,1,0,13502,779.583,America
807,0,CB,Isidorus Eudoxius,yes,39,0,0,112050,0,America
519,1,CP,Lesbonicus Classicius,no,36,1,0,226875,26,America
572,1,CB,Demipho Lovernius,no,53,2,0,11769,514.792,America
354,0,CD,Acanthio Donicus,yes,25,1,0,349237,17.8,America
50,0,CD,Collybiscus Auxientius,no,18,1,0,349237,17.8,America
494,0,CB,Demaenetus Montanus,yes,71,0,0,PC 17609,495.042,Eurasia
364,0,CD,Stalagmus Decius,yes,35,0,0,SOTON/O.Q. 3101310,7.05,America
183,0,CD,Antamonides Brutus,yes,9,4,2,347077,313.875,America
262,1,CD,Selenium Jacobi,yes,3,4,2,347077,313.875,America
234,1,CD,Leonida Antius,no,5,4,2,347077,313.875,America
26,1,CD,Philocrates Natalinus,no,38,1,5,347077,313.875,America
701,1,CB,Lorarii Abito,no,18,1,0,PC 17757,227.525,Eurasia
115,0,CD,Gulielmus Thurinus,no,17,0,0,2627,144.583,Eurasia
245,0,CD,Crocotium Sisenna,yes,30,0,0,2694,7.225,Eurasia
370,1,CB,Eleusium Gaurus,no,24,0,0,PC 17477,69.3,Eurasia
834,0,CD,Theodosius Cencius,yes,23,0,0,347468,78.542,America
781,1,CD,Cleostrata Sidonius,no,13,0,0,2687,72.292,Eurasia
207,0,CD,Cyamus Pratensis,yes,32,1,0,3101278,15.85,America
86,1,CD,Daemones Trailus,no,33,3,0,3101278,15.85,America
645,1,CD,Epidicus Ignatius,no,0.75,2,1,2666,192.583,Eurasia
470,1,CD,Alcmena Novation,no,0.75,2,1,2666,192.583,Eurasia
449,1,CD,Abrahamus Fortunatus,no,5,2,1,2666,192.583,Eurasia
859,1,CD,Angelus Taurinus,no,24,0,3,2666,192.583,Eurasia
662,0,CD,Phaedria Vestorius,yes,40,0,0,2623,7.225,Eurasia
758,0,CP,Hanno Verres,yes,18,0,0,29108,11.5,America
871,0,CD,Cleomachus Pilus,yes,26,0,0,349248,78.958,America
328,1,CP,Mnesilochus Diocourides,no,36,0,0,28551,13,America
884,0,CP,Diniarchus Epolonius,yes,28,0,0,C.A./SOTON 34068,10.5,America
763,1,CD,Epignomus Lucceius,yes,20,0,0,2663,72.292,Eurasia
703,0,CD,Acropolistis Marsus,no,18,0,1,2691,144.542,Eurasia
363,0,CD,Pistoclerus Faber,no,45,0,1,2691,144.542,Eurasia
291,1,CB,Sparax Octobrius,no,26,0,0,19877,78.85,America
631,1,CB,Pleusicles Celatus,yes,80,0,0,27042,30,America
113,0,CD,Argyrippus Castorius,yes,22,0,0,324669,8.05,America
151,0,CP,Cleareta Victorinus,yes,51,0,0,S.O.P. 1166,12.525,America
169,0,CB,Stephanium Postumus,yes,,0,0,,25.925,America
119,0,CB,Citrio Metellus,yes,24,0,1,PC 17558,2.475.208,Eurasia
300,1,CB,Firminus Catus,no,50,0,1,PC 17558,2.475.208,Eurasia
219,1,CB,Palinurus Perennis,no,32,0,0,11813,762.917,Eurasia
544,1,CP,Advocati Pulcher,yes,32,1,0,2908,26,America
547,1,CP,Auxilium Ingenuus,no,19,1,0,2908,26,America
373,0,CD,Artemona Eugenius,yes,19,0,0,323951,8.05,America
184,1,CP,Gripus Mauricius,yes,1,2,1,230136,39,America
619,1,CP,Panegyris Acaunus,no,4,2,1,230136,39,America
249,1,CB,Sceledrus Eugenus,yes,37,1,1,11751,525.542,America
872,1,CB,Curculio Laurentius,no,47,1,1,11751,525.542,America
22,1,CP,Sosicles Caesar,yes,34,0,0,248698,13,America
890,1,CB,Euclio Drusillus,yes,26,0,0,111369,30,Eurasia
163,0,CD,Agorastocles Pollio,yes,26,0,0,347068,7.775,America
226,0,CD,Adulescens Longinus,yes,22,0,0,PP 4348,9.35,America
734,0,CP,Isidorus Eudoxius,yes,23,0,0,28425,13,America
379,0,CD,Lesbonicus Classicius,yes,20,0,0,2648,40.125,Eurasia
381,1,CB,Demipho Lovernius,no,42,0,0,PC 17757,227.525,Eurasia
75,1,CD,Acanthio Donicus,yes,32,0,0,1601,564.958,America
409,0,CD,Collybiscus Auxientius,yes,21,0,0,312992,7.775,America
485,1,CB,Demaenetus Montanus,yes,25,1,0,11967,910.792,Eurasia
292,1,CB,Stalagmus Decius,no,19,1,0,11967,910.792,Eurasia
270,1,CB,Antamonides Brutus,no,35,0,0,PC 17760,1.356.333,America
431,1,CB,Selenium Jacobi,yes,28,0,0,110564,26.55,America
340,0,CB,Leonida Antius,yes,45,0,0,113784,35.5,America
210,1,CB,Philocrates Natalinus,yes,40,0,0,112277,31,Eurasia
12,1,CB,Lorarii Abito,no,58,0,0,113783,26.55,America
629,0,CD,Gulielmus Thurinus,yes,26,0,0,349224,78.958,America
853,0,CD,Crocotium Sisenna,no,9,1,1,2678,152.458,Eurasia
599,0,CD,Eleusium Gaurus,yes,,0,0,,7.225,Eurasia
141,0,CD,Theodosius Cencius,no,,0,2,,152.458,Eurasia
594,0,CD,Cleostrata Sidonius,no,,0,2,,7.75,Africa
189,0,CD,Cyamus Pratensis,yes,40,1,1,364849,15.5,Africa
658,0,CD,Daemones Trailus,no,32,1,1,364849,15.5,Africa
625,0,CD,Epidicus Ignatius,yes,21,0,0,54636,16.1,America
357,1,CB,Alcmena Novation,no,22,0,1,113505,55,America
222,0,CP,Abrahamus Fortunatus,yes,27,0,0,220367,13,America
508,1,CB,Angelus Taurinus,yes,,0,0,,26.55,America
478,0,CD,Phaedria Vestorius,yes,29,1,0,3460,70.458,America
1,0,CD,Hanno Verres,yes,22,1,0,A/5 21171,7.25,America
767,0,CB,Cleomachus Pilus,yes,,0,0,,39.6,Eurasia
615,0,CD,Mnesilochus Diocourides,yes,35,0,0,364512,8.05,America
346,1,CP,Diniarchus Epolonius,no,24,0,0,248733,13,America
685,0,CP,Epignomus Lucceius,yes,60,1,1,29750,39,America
195,1,CB,Acropolistis Marsus,no,44,0,0,PC 17610,277.208,Eurasia
671,1,CP,Pistoclerus Faber,no,40,1,1,29750,39,America
729,0,CP,Sparax Octobrius,yes,25,1,0,236853,26,America
144,0,CD,Pleusicles Celatus,yes,19,0,0,365222,6.75,Africa
338,1,CB,Argyrippus Castorius,no,41,0,0,16966,134.5,Eurasia
388,1,CP,Cleareta Victorinus,no,36,0,0,27849,13,America
667,0,CP,Stephanium Postumus,yes,25,0,0,234686,13,America
537,0,CB,Citrio Metellus,yes,45,0,0,113050,26.55,America
150,0,CP,Firminus Catus,yes,42,0,0,244310,13,America
866,1,CP,Palinurus Perennis,no,42,0,0,236852,13,America
535,0,CD,Advocati Pulcher,no,30,0,0,315084,86.625,America
472,0,CD,Auxilium Ingenuus,yes,38,0,0,315089,86.625,America
271,0,CB,Artemona Eugenius,yes,,0,0,,31,America
708,1,CB,Gripus Mauricius,yes,42,0,0,PC 17476,262.875,America
79,1,CP,Panegyris Acaunus,yes,0.83,0,2,248738,29,America
324,1,CP,Sceledrus Eugenus,no,22,1,1,248738,29,America
164,0,CD,Curculio Laurentius,yes,17,0,0,315093,86.625,America
501,0,CD,Sosicles Caesar,yes,17,0,0,315086,86.625,America
212,1,CP,Euclio Drusillus,no,35,0,0,F.C.C. 13528,21,America
467,0,CP,Agorastocles Pollio,yes,,0,0,,0,America
502,0,CD,Adulescens Longinus,no,21,0,0,364846,7.75,Africa
38,0,CD,Isidorus Eudoxius,yes,21,0,0,A./5. 2152,8.05,America
579,0,CD,Lesbonicus Classicius,no,,1,0,,144.583,Eurasia
192,0,CP,Demipho Lovernius,yes,19,0,0,28424,13,America
680,1,CB,Acanthio Donicus,yes,36,0,1,PC 17755,5.123.292,Eurasia
757,0,CD,Collybiscus Auxientius,yes,28,0,0,350042,77.958,America
873,0,CB,Demaenetus Montanus,yes,33,0,0,695,5,America
209,1,CD,Stalagmus Decius,no,16,0,0,367231,7.75,Africa
84,0,CB,Antamonides Brutus,yes,28,0,0,113059,47.1,America
803,1,CB,Selenium Jacobi,yes,11,1,2,113760,120,America
436,1,CB,Leonida Antius,no,14,1,2,113760,120,America
391,1,CB,Philocrates Natalinus,yes,36,1,2,113760,120,America
855,0,CP,Lorarii Abito,no,44,1,0,244252,26,America
764,1,CB,Gulielmus Thurinus,no,36,1,2,113760,120,America
250,0,CP,Crocotium Sisenna,yes,54,1,0,244252,26,America
742,0,CB,Eleusium Gaurus,yes,36,1,0,19877,78.85,America
90,0,CD,Theodosius Cencius,yes,24,0,0,343275,8.05,America
93,0,CB,Cleostrata Sidonius,yes,46,1,0,W.E.P. 5734,61.175,America
725,1,CB,Cyamus Pratensis,yes,27,1,0,113806,53.1,America
810,1,CB,Daemones Trailus,no,33,1,0,113806,53.1,America
696,0,CP,Epidicus Ignatius,yes,52,0,0,248731,13.5,America
595,0,CP,Alcmena Novation,yes,37,1,0,SC/AH 29037,26,America
422,0,CD,Abrahamus Fortunatus,yes,21,0,0,A/5. 13032,77.333,Africa
258,1,CB,Angelus Taurinus,no,30,0,0,110152,86.5,America
167,1,CB,Phaedria Vestorius,no,,0,1,,55,America
839,1,CD,Hanno Verres,yes,32,0,0,1601,564.958,America
91,0,CD,Cleomachus Pilus,yes,29,0,0,343276,8.05,America
581,1,CP,Mnesilochus Diocourides,no,25,1,1,237789,30,America
74,0,CD,Diniarchus Epolonius,yes,26,1,0,2680,144.542,Eurasia
427,1,CP,Epignomus Lucceius,no,28,1,0,2003,26,America
709,1,CB,Acropolistis Marsus,no,22,0,0,113781,151.55,America
476,0,CB,Pistoclerus Faber,yes,,0,0,,52,America
132,0,CD,Sparax Octobrius,yes,20,0,0,SOTON/O.Q. 3101307,7.05,America
205,1,CD,Pleusicles Celatus,yes,18,0,0,A/5 3540,8.05,America
664,0,CD,Argyrippus Castorius,yes,36,0,0,349210,74.958,America
515,0,CD,Cleareta Victorinus,yes,24,0,0,349209,74.958,America
243,0,CP,Stephanium Postumus,yes,29,0,0,W./C. 14263,10.5,America
343,0,CP,Citrio Metellus,yes,28,0,0,248740,13,America
663,0,CB,Firminus Catus,yes,47,0,0,5727,255.875,America
238,1,CP,Palinurus Perennis,no,8,0,2,C.A. 31921,26.25,America
638,0,CP,Advocati Pulcher,yes,31,1,1,C.A. 31921,26.25,America
802,1,CP,Auxilium Ingenuus,no,31,1,1,C.A. 31921,26.25,America
836,1,CB,Artemona Eugenius,no,39,1,1,PC 17756,831.583,Eurasia
750,0,CD,Gripus Mauricius,yes,31,0,0,335097,7.75,Africa
290,1,CD,Panegyris Acaunus,no,22,0,0,370373,7.75,Africa
117,0,CD,Sceledrus Eugenus,yes,70.5,0,0,370369,7.75,Africa
669,0,CD,Curculio Laurentius,yes,43,0,0,A/5 3536,8.05,America
647,0,CD,Sosicles Caesar,yes,19,0,0,349231,78.958,America
158,0,CD,Euclio Drusillus,yes,30,0,0,SOTON/OQ 392090,8.05,America
490,1,CD,Agorastocles Pollio,yes,9,1,1,C.A. 37671,15.9,America
349,1,CD,Adulescens Longinus,yes,3,1,1,C.A. 37671,15.9,America
95,0,CD,Isidorus Eudoxius,yes,59,0,0,364500,7.25,America
68,0,CD,Lesbonicus Classicius,yes,19,0,0,S.P. 3464,81.583,America
161,0,CD,Demipho Lovernius,yes,44,0,1,371362,16.1,America
746,0,CB,Acanthio Donicus,yes,70,1,1,WE/P 5735,71,America
541,1,CB,Collybiscus Auxientius,no,36,0,2,WE/P 5735,71,America
845,0,CD,Demaenetus Montanus,yes,17,0,0,315090,86.625,America
2,1,CB,Stalagmus Decius,no,38,1,0,PC 17599,712.833,Eurasia
414,0,CP,Antamonides Brutus,yes,,0,0,,0,America
339,1,CD,Selenium Jacobi,yes,45,0,0,7598,8.05,America
883,0,CD,Leonida Antius,no,22,0,0,7552,105.167,America
688,0,CD,Philocrates Natalinus,yes,19,0,0,349228,101.708,America
511,1,CD,Lorarii Abito,yes,29,0,0,382651,7.75,Africa
858,1,CB,Gulielmus Thurinus,yes,51,0,0,113055,26.55,America
617,0,CD,Crocotium Sisenna,yes,34,1,1,347080,14.4,America
424,0,CD,Eleusium Gaurus,no,28,1,1,347080,14.4,America
608,1,CB,Theodosius Cencius,yes,27,0,0,113804,30.5,America
322,0,CD,Cleostrata Sidonius,yes,27,0,0,349219,78.958,America
795,0,CD,Cyamus Pratensis,yes,25,0,0,349203,78.958,America
672,0,CB,Daemones Trailus,yes,31,1,0,F.C. 12750,52,America
550,1,CP,Epidicus Ignatius,yes,8,1,1,C.A. 33112,36.75,America
566,0,CD,Alcmena Novation,yes,24,2,0,A/4 48871,24.15,America
386,0,CP,Abrahamus Fortunatus,yes,18,0,0,S.O.C. 14879,73.5,America
636,1,CP,Angelus Taurinus,no,28,0,0,237668,13,America
348,1,CD,Phaedria Vestorius,no,,1,0,,16.1,America
560,1,CD,Hanno Verres,no,36,1,0,345572,17.4,America
287,1,CD,Cleomachus Pilus,yes,30,0,0,345774,9.5,America
283,0,CD,Mnesilochus Diocourides,yes,16,0,0,345778,9.5,America
789,1,CD,Diniarchus Epolonius,yes,1,1,2,C.A. 2315,20.575,America
94,0,CD,Epignomus Lucceius,yes,26,1,2,C.A. 2315,20.575,America
362,0,CP,Acropolistis Marsus,yes,29,1,0,SC/PARIS 2167,277.208,Eurasia
336,0,CD,Pistoclerus Faber,yes,,0,0,,78.958,America
321,0,CD,Sparax Octobrius,yes,22,0,0,A/5 21172,7.25,America
45,1,CD,Pleusicles Celatus,no,19,0,0,330958,78.792,Africa
691,1,CB,Argyrippus Castorius,yes,31,1,0,17474,57,America
782,1,CB,Cleareta Victorinus,no,17,1,0,17474,57,America
350,0,CD,Stephanium Postumus,yes,42,0,0,315088,86.625,America
446,1,CB,Citrio Metellus,yes,4,0,2,33638,818.583,America
569,0,CD,Firminus Catus,yes,,0,0,,72.292,Eurasia
652,1,CP,Palinurus Perennis,no,18,0,1,231919,23,America
99,1,CP,Advocati Pulcher,no,34,0,1,231919,23,America
891,0,CD,Auxilium Ingenuus,yes,32,0,0,370376,7.75,Africa
284,1,CD,Artemona Eugenius,yes,19,0,0,A/5. 10482,8.05,America
545,0,CB,Gripus Mauricius,yes,50,1,0,PC 17761,106.425,Eurasia
80,1,CD,Panegyris Acaunus,no,30,0,0,364516,12.475,America
583,0,CP,Sceledrus Eugenus,yes,54,0,0,28403,26,America
131,0,CD,Curculio Laurentius,yes,33,0,0,349241,78.958,Eurasia
417,1,CP,Sosicles Caesar,no,34,1,1,28220,32.5,America
281,0,CD,Euclio Drusillus,yes,65,0,0,336439,7.75,Africa
557,1,CB,Agorastocles Pollio,no,48,1,0,11755,39.6,Eurasia
600,1,CB,Adulescens Longinus,yes,49,1,0,PC 17485,569.292,Eurasia
867,1,CP,Isidorus Eudoxius,no,27,1,0,SC/PARIS 2149,138.583,Eurasia
676,0,CD,Lesbonicus Classicius,yes,18,0,0,349912,7.775,America
659,0,CP,Demipho Lovernius,yes,23,0,0,29751,13,America
765,0,CD,Acanthio Donicus,yes,16,0,0,347074,7.775,America
130,0,CD,Collybiscus Auxientius,yes,45,0,0,347061,6.975,America
774,0,CD,Demaenetus Montanus,yes,,0,0,,7.225,Eurasia
533,0,CD,Stalagmus Decius,yes,17,1,1,2690,72.292,Eurasia
353,0,CD,Antamonides Brutus,yes,15,1,1,2695,72.292,Eurasia
593,0,CD,Selenium Jacobi,yes,47,0,0,A/5 3902,7.25,America
778,1,CD,Leonida Antius,no,5,0,0,364516,12.475,America
27,0,CD,Philocrates Natalinus,yes,,0,0,,7.225,Eurasia
717,1,CB,Lorarii Abito,no,38,0,0,PC 17757,227.525,Eurasia
497,1,CB,Gulielmus Thurinus,no,54,1,0,36947,782.667,Eurasia
229,0,CP,Crocotium Sisenna,yes,18,0,0,236171,13,America
526,0,CD,Eleusium Gaurus,yes,40.5,0,0,367232,7.75,Africa
528,0,CB,Theodosius Cencius,yes,,0,0,,2.217.792,America
54,1,CP,Cleostrata Sidonius,no,29,1,0,2926,26,America
689,0,CD,Cyamus Pratensis,yes,18,0,0,350036,77.958,America
307,1,CB,Daemones Trailus,no,,0,0,,1.108.833,Eurasia
429,0,CD,Epidicus Ignatius,yes,,0,0,,7.75,Africa
826,0,CD,Alcmena Novation,yes,,0,0,,6.95,Africa
573,1,CB,Abrahamus Fortunatus,yes,36,0,0,PC 17474,263.875,America
644,1,CD,Angelus Taurinus,yes,,0,0,,564.958,America
437,0,CD,Phaedria Vestorius,no,21,2,2,W./C. 6608,34.375,America
148,0,CD,Hanno Verres,no,9,2,2,W./C. 6608,34.375,America
87,0,CD,Cleomachus Pilus,yes,16,1,3,W./C. 6608,34.375,America
737,0,CD,Mnesilochus Diocourides,no,48,1,3,W./C. 6608,34.375,America
453,0,CB,Diniarchus Epolonius,yes,30,0,0,113051,27.75,Eurasia
342,1,CB,Epignomus Lucceius,no,24,3,2,19950,263,America
89,1,CB,Acropolistis Marsus,no,23,3,2,19950,263,America
28,0,CB,Pistoclerus Faber,yes,19,3,2,19950,263,America
439,0,CB,Sparax Octobrius,yes,64,1,4,19950,263,America
345,0,CP,Pleusicles Celatus,yes,36,0,0,229236,13,America
310,1,CB,Argyrippus Castorius,no,30,0,0,PC 17485,569.292,Eurasia
661,1,CB,Cleareta Victorinus,yes,50,2,0,PC 17611,133.65,America
335,1,CB,Stephanium Postumus,no,,1,0,,133.65,America
540,1,CB,Citrio Metellus,no,22,0,2,13568,49.5,Eurasia
588,1,CB,Firminus Catus,yes,60,1,1,13567,79.2,Eurasia
482,0,CP,Palinurus Perennis,yes,,0,0,,0,America
816,0,CB,Advocati Pulcher,yes,,0,0,,0,America
358,0,CP,Auxilium Ingenuus,no,38,0,0,237671,13,America
138,0,CB,Artemona Eugenius,yes,37,1,0,113803,53.1,America
4,1,CB,Gripus Mauricius,no,35,1,0,113803,53.1,America
21,0,CP,Panegyris Acaunus,yes,35,0,0,239865,26,America
406,0,CP,Sceledrus Eugenus,yes,34,1,0,28664,21,America
704,0,CD,Curculio Laurentius,yes,25,0,0,36864,77.417,Africa
761,0,CD,Sosicles Caesar,yes,,0,0,,14.5,America
577,1,CP,Euclio Drusillus,no,34,0,0,243880,13,America
792,0,CP,Agorastocles Pollio,yes,16,0,0,239865,26,America
620,0,CP,Adulescens Longinus,yes,26,0,0,31028,10.5,America
463,0,CB,Isidorus Eudoxius,yes,47,0,0,111320,38.5,America
421,0,CD,Lesbonicus Classicius,yes,,0,0,,78.958,Eurasia
140,0,CB,Demipho Lovernius,yes,24,0,0,PC 17593,79.2,Eurasia
862,0,CP,Acanthio Donicus,yes,21,1,0,28134,11.5,America
589,0,CD,Collybiscus Auxientius,yes,22,0,0,14973,8.05,America
865,0,CP,Demaenetus Montanus,yes,24,0,0,233866,13,America
723,0,CP,Stalagmus Decius,yes,34,0,0,12233,13,America
157,1,CD,Antamonides Brutus,no,16,0,0,35851,77.333,Africa
214,0,CP,Selenium Jacobi,yes,30,0,0,250646,13,America
33,1,CD,Leonida Antius,no,,0,0,,7.75,Africa
454,1,CB,Philocrates Natalinus,yes,49,1,0,17453,891.042,Eurasia
850,1,CB,Lorarii Abito,no,,1,0,,891.042,Eurasia
97,0,CB,Gulielmus Thurinus,yes,71,0,0,PC 17754,346.542,Eurasia
166,1,CD,Crocotium Sisenna,yes,9,0,2,363291,20.525,America
549,0,CD,Eleusium Gaurus,yes,33,1,1,363291,20.525,America
329,1,CD,Theodosius Cencius,no,31,1,1,363291,20.525,America
466,0,CD,Cleostrata Sidonius,yes,38,0,0,SOTON/O.Q. 3101306,7.05,America
481,0,CD,Cyamus Pratensis,yes,9,5,2,CA 2144,46.9,America
387,0,CD,Daemones Trailus,yes,1,5,2,CA 2144,46.9,America
60,0,CD,Epidicus Ignatius,yes,11,5,2,CA 2144,46.9,America
72,0,CD,Alcmena Novation,no,16,5,2,CA 2144,46.9,America
684,0,CD,Abrahamus Fortunatus,yes,14,5,2,CA 2144,46.9,America
679,0,CD,Angelus Taurinus,no,43,1,6,CA 2144,46.9,America
888,1,CB,Phaedria Vestorius,no,19,0,0,112053,30,America
333,0,CB,Hanno Verres,yes,38,0,1,PC 17582,1.534.625,America
269,1,CB,Cleomachus Pilus,no,58,0,1,PC 17582,1.534.625,America
223,0,CD,Mnesilochus Diocourides,yes,51,0,0,21440,8.05,America
715,0,CP,Diniarchus Epolonius,yes,52,0,0,250647,13,America
98,1,CB,Epignomus Lucceius,yes,23,0,1,PC 17759,633.583,Eurasia
770,0,CD,Acropolistis Marsus,yes,32,0,0,8471,83.625,America
790,0,CB,Pistoclerus Faber,yes,46,0,0,PC 17593,79.2,Eurasia
877,0,CD,Sparax Octobrius,yes,20,0,0,7534,98.458,America
105,0,CD,Pleusicles Celatus,yes,37,2,0,3101276,7.925,America
393,0,CD,Argyrippus Castorius,yes,28,2,0,3101277,7.925,America
380,0,CD,Cleareta Victorinus,yes,19,0,0,347069,7.775,America
294,0,CD,Stephanium Postumus,no,24,0,0,349236,8.85,America
452,0,CD,Citrio Metellus,yes,,1,0,,199.667,America
491,0,CD,Firminus Catus,yes,,1,0,,199.667,America
404,0,CD,Palinurus Perennis,yes,28,1,0,STON/O2. 3101279,15.85,America
143,1,CD,Advocati Pulcher,no,24,1,0,STON/O2. 3101279,15.85,America
179,0,CP,Auxilium Ingenuus,yes,30,0,0,250653,13,America
756,1,CP,Artemona Eugenius,yes,0.67,1,1,250649,14.5,America
248,1,CP,Gripus Mauricius,no,24,0,2,250649,14.5,America
442,0,CD,Panegyris Acaunus,yes,20,0,0,345769,9.5,America
297,0,CD,Sceledrus Eugenus,yes,23.5,0,0,2693,72.292,Eurasia
861,0,CD,Curculio Laurentius,yes,41,2,0,350026,141.083,America
705,0,CD,Sosicles Caesar,yes,26,1,0,350025,78.542,America
624,0,CD,Euclio Drusillus,yes,21,0,0,350029,78.542,America
371,1,CB,Agorastocles Pollio,yes,25,1,0,11765,554.417,Eurasia
236,0,CD,Adulescens Longinus,no,,0,0,,7.55,America
786,0,CD,Isidorus Eudoxius,yes,25,0,0,374887,7.25,America
721,1,CP,Lesbonicus Classicius,no,6,0,1,248727,33,America
646,1,CB,Demipho Lovernius,yes,48,1,0,PC 17572,767.292,Eurasia
53,1,CB,Acanthio Donicus,no,49,1,0,PC 17572,767.292,Eurasia
849,0,CP,Collybiscus Auxientius,yes,28,0,1,248727,33,America
603,0,CB,Demaenetus Montanus,yes,,0,0,,42.4,America
571,1,CP,Stalagmus Decius,yes,62,0,0,S.W./PP 752,10.5,America
63,0,CB,Antamonides Brutus,yes,45,1,0,36973,83.475,America
220,0,CP,Selenium Jacobi,yes,30,0,0,W/C 14208,10.5,America
231,1,CB,Leonida Antius,no,35,1,0,36973,83.475,America
264,0,CB,Philocrates Natalinus,yes,40,0,0,112059,0,America
536,1,CP,Lorarii Abito,no,7,0,2,F.C.C. 13529,26.25,America
315,0,CP,Gulielmus Thurinus,yes,43,1,1,F.C.C. 13529,26.25,America
412,0,CD,Crocotium Sisenna,yes,,0,0,,68.583,Africa
441,1,CP,Eleusium Gaurus,no,45,1,1,F.C.C. 13529,26.25,America
682,1,CB,Theodosius Cencius,yes,27,0,0,PC 17572,767.292,Eurasia
732,0,CD,Cleostrata Sidonius,yes,11,0,0,2699,187.875,Eurasia
741,1,CB,Cyamus Pratensis,yes,,0,0,,30,America
311,1,CB,Daemones Trailus,no,24,0,0,11767,831.583,Eurasia
821,1,CB,Epidicus Ignatius,no,52,1,1,12749,93.5,America
275,1,CD,Alcmena Novation,no,,0,0,,7.75,Africa
805,1,CD,Abrahamus Fortunatus,yes,27,0,0,347089,6.975,America
655,0,CD,Angelus Taurinus,no,18,0,0,365226,6.75,Africa
3,1,CD,Phaedria Vestorius,no,26,0,0,STON/O2. 3101282,7.925,America
817,0,CD,Hanno Verres,no,23,0,0,STON/O2. 3101290,7.925,America
314,0,CD,Cleomachus Pilus,yes,28,0,0,349243,78.958,America
265,0,CD,Mnesilochus Diocourides,no,,0,0,,7.75,Africa
616,1,CP,Diniarchus Epolonius,no,24,1,2,220845,65,America
755,1,CP,Epignomus Lucceius,no,48,1,2,220845,65,America
16,1,CP,Acropolistis Marsus,no,55,0,0,248706,16,America
656,0,CP,Pistoclerus Faber,yes,24,2,0,S.O.C. 14879,73.5,America
666,0,CP,Sparax Octobrius,yes,32,2,0,S.O.C. 14879,73.5,America
121,0,CP,Pleusicles Celatus,yes,21,2,0,S.O.C. 14879,73.5,America
330,1,CB,Argyrippus Castorius,no,16,0,1,111361,579.792,Eurasia
524,1,CB,Cleareta Victorinus,no,44,0,1,111361,579.792,Eurasia
480,1,CD,Stephanium Postumus,no,2,0,1,3101298,122.875,America
530,0,CP,Citrio Metellus,yes,23,2,1,29104,11.5,America
775,1,CP,Firminus Catus,no,54,1,3,29105,23,America
724,0,CP,Palinurus Perennis,yes,50,0,0,250643,13,America
766,1,CB,Advocati Pulcher,no,51,1,0,13502,779.583,America
237,0,CP,Auxilium Ingenuus,yes,44,1,0,26707,26,America
819,0,CD,Artemona Eugenius,yes,43,0,0,C 7075,6.45,America
36,0,CB,Gripus Mauricius,yes,42,1,0,113789,52,America
384,1,CB,Panegyris Acaunus,no,35,1,0,113789,52,America
605,1,CB,Sceledrus Eugenus,yes,35,0,0,111426,26.55,Eurasia
217,1,CD,Curculio Laurentius,no,27,0,0,STON/O2. 3101283,7.925,America
73,0,CP,Sosicles Caesar,yes,21,0,0,S.O.C. 14879,73.5,America
614,0,CD,Euclio Drusillus,yes,,0,0,,7.75,Africa
289,1,CP,Agorastocles Pollio,yes,42,0,0,237798,13,America
225,1,CB,Adulescens Longinus,yes,38,1,0,19943,90,America
794,0,CB,Isidorus Eudoxius,yes,,0,0,,306.958,Eurasia
487,1,CB,Lesbonicus Classicius,no,35,1,0,19943,90,America
700,0,CD,Demipho Lovernius,yes,42,0,0,348121,7.65,America
240,0,CP,Acanthio Donicus,yes,33,0,0,SCO/W 1585,12.275,America
799,0,CD,Collybiscus Auxientius,yes,30,0,0,2685,72.292,Eurasia
62,1,CB,Demaenetus Montanus,no,38,0,0,113572,80,
85,1,CP,Stalagmus Decius,no,17,0,0,SO/C 14885,10.5,America
730,0,CD,Antamonides Brutus,no,25,1,0,STON/O2. 3101271,7.925,America
178,0,CB,Selenium Jacobi,no,50,0,0,PC 17595,287.125,Eurasia
739,0,CD,Leonida Antius,yes,,0,0,,78.958,America
218,0,CP,Philocrates Natalinus,yes,42,1,0,243847,27,America
601,1,CP,Lorarii Abito,no,24,2,1,243847,27,America
456,1,CD,Gulielmus Thurinus,yes,29,0,0,349240,78.958,Eurasia
392,1,CD,Crocotium Sisenna,yes,21,0,0,350034,77.958,America
612,0,CD,Eleusium Gaurus,yes,,0,0,,7.05,America
587,0,CP,Theodosius Cencius,yes,47,0,0,237565,15,America
71,0,CP,Leaena Iuba,yes,32,0,0,C.A. 33111,10.5,America
641,0,CD,Daemones Diocletius,yes,20,0,0,350050,78.542,America
772,0,CD,Lyconides Castorius,yes,48,0,0,350047,78.542,America
722,0,CD,Philocomasium Procyon,yes,17,1,0,350048,70.542,America
369,1,CD,Cleostrata Iacomus,no,,0,0,,7.75,Africa
474,1,CP,Callicles Panthera,no,23,0,0,SC/AH Basle 541,137.917,Eurasia
445,1,CD,Cleareta Tertullius,yes,,0,0,,81.125,America
203,0,CD,Phaedromus Dama,yes,34,0,0,3101264,64.958,America
396,0,CD,Sangarinus Voteporix,yes,22,0,0,350052,77.958,America
104,0,CD,Phronesium Ruso,yes,33,0,0,7540,86.542,America
806,0,CD,Astaphium Vestorius,yes,31,0,0,347063,7.775,America
870,1,CD,Trachalio Senopius,yes,4,1,1,347742,111.333,America
173,1,CD,Abundantius Tertius,no,1,1,1,347742,111.333,America
598,0,CD,Gripus Candidius,yes,49,0,0,LINE,0,America
720,0,CD,Eutychus Arminus,yes,33,0,0,347062,7.775,America
303,0,CD,Panegyris Augurius,yes,19,0,0,LINE,0,America
9,1,CD,Auxilium Thurinus,no,27,0,2,347742,111.333,America
889,0,CD,Mnesilochus Remus,no,,1,2,,23.45,America
784,0,CD,Luxuria Pelagius,yes,,1,2,,23.45,America
754,0,CD,Cylindrus Eborius,yes,23,0,0,349204,78.958,America
570,1,CD,Hanno Numonis,yes,32,0,0,350417,78.542,America
114,0,CD,Lysidamus Telesinus,no,20,1,0,4136,9.825,America
403,0,CD,Theodorus Servanus,no,21,1,0,4137,9.825,America
580,1,CD,Collybiscus Caletus,yes,32,0,0,STON/O 2. 3101286,7.925,America
434,0,CD,Stasimus Megellus,yes,17,0,0,STON/O 2. 3101274,7.125,America
653,0,CD,Syra Isatis,yes,21,0,0,8475,84.333,America
100,0,CP,Palaestrio Fabricius,yes,34,1,0,244367,26,America
317,1,CP,Crocotium Ruricius,no,24,1,0,244367,26,America
607,0,CD,Calidorus Leptis,yes,30,0,0,349246,78.958,America
479,0,CD,Callipho Acilius,yes,22,0,0,350060,75.208,America
692,1,CD,Abrahamus Maximius,no,4,0,1,349256,134.167,Eurasia
525,0,CD,Labrax Tetricus,yes,,0,0,,72.292,Eurasia
304,1,CP,Sosicles Adranos,no,,0,0,,12.35,Africa
791,0,CD,Acroteleutium Memor,yes,,0,0,,7.75,Africa
471,0,CD,Stratophanes Exuperantius,yes,,0,0,,7.25,America
301,1,CD,Ludovicus Lartius,no,,0,0,,7.75,Africa
574,1,CD,Dinia Profuterius,no,,0,0,,7.75,Africa
697,0,CD,Vincentius Triarius,yes,44,0,0,363592,8.05,America
707,1,CP,Strobilus Agrippa,no,45,0,0,223596,13.5,America
488,0,CB,Dordalus Prisca,yes,58,0,0,11771,29.7,Eurasia
458,1,CB,Olympio Planta,no,,1,0,,518.625,America
215,0,CD,Philto Augustanus,yes,,1,0,,7.75,Africa
779,0,CD,Lena Placidus,yes,,0,0,,77.375,Africa
622,1,CB,Baebio Cupitas,yes,42,1,0,11753,525.542,America
70,0,CD,Sagaristio Crito,yes,26,2,0,315151,86.625,America
185,1,CD,Pardalisca Flavinus,no,4,0,2,315153,22.025,America
627,0,CP,Philematium Sisinnius,yes,57,0,0,219533,12.35,Africa
712,0,CB,Harpax Fronto,yes,,0,0,,26.55,America
176,0,CD,Philolaches Lupis,yes,18,1,1,350404,78.542,America
733,0,CP,Cacistus Labienus,yes,,0,0,,0,America
43,0,CD,Leaena Iuba,yes,,0,0,,78.958,Eurasia
440,0,CP,Daemones Diocletius,yes,31,0,0,C.A. 18723,10.5,America
523,0,CD,Lyconides Castorius,yes,,0,0,,7.225,Eurasia
313,0,CP,Philocomasium Procyon,no,26,1,1,250651,26,America
504,0,CD,Cleostrata Iacomus,no,37,0,0,4135,95.875,America
879,0,CD,Callicles Panthera,yes,,0,0,,78.958,America
693,1,CD,Cleareta Tertullius,yes,,0,0,,564.958,America
827,0,CD,Phaedromus Dama,yes,,0,0,,564.958,America
377,1,CD,Sangarinus Voteporix,no,22,0,0,C 7077,7.25,America
510,1,CD,Phronesium Ruso,yes,26,0,0,1601,564.958,America
44,1,CP,Astaphium Vestorius,no,3,1,2,SC/Paris 2123,415.792,Eurasia
686,0,CP,Trachalio Senopius,yes,25,1,2,SC/Paris 2123,415.792,Eurasia
609,1,CP,Abundantius Tertius,no,22,1,2,SC/Paris 2123,415.792,Eurasia
714,0,CD,Gripus Candidius,yes,29,0,0,7545,94.833,America
232,0,CD,Eutychus Arminus,yes,29,0,0,347067,7.775,America
797,1,CB,Panegyris Augurius,no,49,0,0,17465,259.292,America
554,1,CD,Auxilium Thurinus,yes,22,0,0,2620,7.225,Eurasia
177,0,CD,Mnesilochus Remus,yes,,3,1,,254.667,America
410,0,CD,Luxuria Pelagius,no,,3,1,,254.667,America
486,0,CD,Cylindrus Eborius,no,,3,1,,254.667,America
230,0,CD,Hanno Numonis,no,,3,1,,254.667,America
390,1,CP,Lysidamus Telesinus,no,17,0,0,SC 1748,12,Eurasia
637,0,CD,Theodorus Servanus,yes,32,0,0,STON/O 2. 3101292,7.925,America
597,1,CP,Collybiscus Caletus,no,,0,0,,33,America
844,0,CD,Stasimus Megellus,yes,34.5,0,0,2683,64.375,Eurasia
517,1,CP,Syra Isatis,no,34,0,0,C.A. 34260,10.5,America
47,0,CD,Palaestrio Fabricius,yes,,1,0,,15.5,Africa
180,0,CD,Crocotium Ruricius,yes,36,0,0,LINE,0,America
538,1,CB,Calidorus Leptis,no,30,0,0,PC 17761,106.425,Eurasia
812,0,CD,Callipho Acilius,yes,39,0,0,A/4 48871,24.15,America
738,1,CB,Abrahamus Maximius,yes,35,0,0,PC 17755,5.123.292,Eurasia
293,0,CP,Labrax Tetricus,yes,36,0,0,SC/Paris 2163,12.875,Eurasia
296,0,CB,Sosicles Adranos,yes,,0,0,,277.208,Eurasia
235,0,CP,Acroteleutium Memor,yes,24,0,0,C.A. 29566,10.5,America
771,0,CD,Stratophanes Exuperantius,yes,24,0,0,345781,9.5,America
247,0,CD,Ludovicus Lartius,no,25,0,0,347071,7.775,America
277,0,CD,Dinia Profuterius,no,45,0,0,347073,7.75,America
606,0,CD,Vincentius Triarius,yes,36,1,0,349910,15.55,America
665,1,CD,Strobilus Agrippa,yes,20,1,0,STON/O 2. 3101285,7.925,America
854,1,CB,Dordalus Prisca,no,16,0,1,PC 17592,39.4,America
170,0,CD,Olympio Planta,yes,28,0,0,1601,564.958,America
254,0,CD,Philto Augustanus,yes,30,1,0,A/5. 3336,16.1,America
618,0,CD,Lena Placidus,no,26,1,0,A/5. 3336,16.1,America
783,0,CB,Baebio Cupitas,yes,29,0,0,113501,30,America
628,1,CB,Sagaristio Crito,no,21,0,0,13502,779.583,America
433,1,CP,Pardalisca Flavinus,no,42,1,0,SC/AH 3085,26,America
228,0,CD,Philematium Sisinnius,yes,20.5,0,0,A/5 21173,7.25,America
822,1,CD,Harpax Fronto,yes,27,0,0,315098,86.625,America
632,0,CD,Philolaches Lupis,yes,51,0,0,347743,70.542,America
196,1,CB,Cacistus Labienus,no,58,0,0,PC 17569,1.465.208,Eurasia
773,0,CP,Leaena Iuba,no,57,0,0,S.O./P.P. 3,10.5,America
199,1,CD,Daemones Diocletius,no,,0,0,,7.75,Africa
690,1,CB,Lyconides Castorius,no,15,0,1,24160,2.113.375,America
128,1,CD,Philocomasium Procyon,yes,24,0,0,C 17369,71.417,America
244,0,CD,Cleostrata Iacomus,yes,22,0,0,STON/O 2. 3101275,7.125,America
505,1,CB,Callicles Panthera,no,16,0,0,110152,86.5,America
465,0,CD,Cleareta Tertullius,yes,,0,0,,8.05,America
828,1,CP,Phaedromus Dama,yes,1,0,2,S.C./PARIS 2079,370.042,Eurasia
818,0,CP,Sangarinus Voteporix,yes,31,1,1,S.C./PARIS 2079,370.042,Eurasia
37,1,CD,Phronesium Ruso,yes,,0,0,,72.292,Eurasia
768,0,CD,Astaphium Vestorius,no,30.5,0,0,364850,7.75,Africa
728,1,CD,Trachalio Senopius,no,,0,0,,77.375,Africa
840,1,CB,Abundantius Tertius,yes,,0,0,,29.7,Eurasia
848,0,CD,Gripus Candidius,yes,35,0,0,349213,78.958,Eurasia
882,0,CD,Eutychus Arminus,yes,33,0,0,349257,78.958,America
749,0,CB,Panegyris Augurius,yes,19,1,0,113773,53.1,America
20,1,CD,Auxilium Thurinus,no,,0,0,,7.225,Eurasia
419,0,CP,Mnesilochus Remus,yes,30,0,0,28228,13,America
711,1,CB,Luxuria Pelagius,no,24,0,0,PC 17482,495.042,Eurasia
7,0,CB,Cylindrus Eborius,yes,54,0,0,17463,518.625,America
829,1,CD,Hanno Numonis,yes,,0,0,,7.75,Africa
331,1,CD,Lysidamus Telesinus,no,,2,0,,23.25,Africa
302,1,CD,Theodorus Servanus,yes,,2,0,,23.25,Africa
83,1,CD,Collybiscus Caletus,no,,0,0,,77.875,Africa
719,0,CD,Stasimus Megellus,yes,,0,0,,15.5,Africa
513,1,CB,Syra Isatis,yes,36,0,0,PC 17473,262.875,America
359,1,CD,Palaestrio Fabricius,no,,0,0,,78.792,Africa
23,1,CD,Crocotium Ruricius,no,15,0,0,330923,80.292,Africa
398,0,CP,Calidorus Leptis,yes,46,0,0,28403,26,America
127,0,CD,Callipho Acilius,yes,,0,0,,7.75,Africa
744,0,CD,Abrahamus Maximius,yes,24,1,0,376566,16.1,America
565,0,CD,Labrax Tetricus,no,,0,0,,8.05,America
416,0,CD,Sosicles Adranos,no,,0,0,,8.05,America
447,1,CP,Acroteleutium Memor,no,13,0,1,250644,19.5,America
273,1,CP,Stratophanes Exuperantius,no,41,0,1,250644,19.5,America
227,1,CP,Ludovicus Lartius,yes,19,0,0,SW/PP 751,10.5,America
153,0,CD,Dinia Profuterius,yes,55.5,0,0,A.5. 11206,8.05,America
197,0,CD,Vincentius Triarius,yes,,0,0,,7.75,Africa
809,0,CP,Strobilus Agrippa,yes,39,0,0,248723,13,America
35,0,CB,Dordalus Prisca,yes,28,1,0,PC 17604,821.708,Eurasia
376,1,CB,Olympio Planta,no,,1,0,,821.708,Eurasia
457,0,CB,Philto Augustanus,yes,65,0,0,13509,26.55,America
464,0,CP,Lena Placidus,yes,48,0,0,234360,13,America
246,0,CB,Baebio Cupitas,yes,44,2,0,19928,90,Africa
413,1,CB,Sagaristio Crito,no,33,1,0,19928,90,Africa
295,0,CD,Pardalisca Flavinus,yes,24,0,0,349233,78.958,America
106,0,CD,Philematium Sisinnius,yes,28,0,0,349207,78.958,America
673,0,CP,Harpax Fronto,yes,70,0,0,C.A. 24580,10.5,America
651,0,CD,Philolaches Lupis,yes,,0,0,,78.958,America
360,1,CD,Cacistus Labienus,no,,0,0,,78.792,Africa
76,0,CD,Petrus Sollemnis,yes,25,0,0,348123,7.65,America
493,0,CB,Lesbonicus Bonus,yes,55,0,0,113787,30.5,America
887,0,CP,Augustinus Trebonius,yes,27,0,0,211536,13,America
752,1,CD,Pyrgopolinices Sacerdos,yes,6,0,1,392096,12.475,America
824,1,CD,Gorgines Fagus,no,27,0,1,392096,12.475,America
122,0,CD,Cylindrus Marcellus,yes,,0,0,,8.05,America
110,1,CD,Artemona Metilius,no,,1,0,,24.15,Africa
769,0,CD,Chrysalus Generidus,yes,,1,0,,24.15,Africa
6,0,CD,Phaedria Damasippus,yes,,0,0,,84.583,Africa
318,0,CP,Gulielmus Tiberinus,yes,54,0,0,29011,14,America
706,0,CP,Demiphones Arpagius,yes,39,0,0,250655,26,America
462,0,CD,Adelphasium Magnentius,yes,34,0,0,364506,8.05,America
561,0,CD,Planesium Frumentius,yes,,0,0,,7.75,Africa
108,1,CD,Advocati Herculius,yes,,0,0,,7.775,America
66,1,CD,Callicles Fabillus,yes,,1,1,,152.458,Eurasia
710,1,CD,Truculentus Vergilius,yes,,1,1,,152.458,Eurasia
368,1,CD,Cleareta Isauricus,no,,0,0,,72.292,Eurasia
78,0,CD,Piscatores Crescentius,yes,,0,0,,8.05,America
842,0,CP,Calidorus Vestorius,yes,16,0,0,S.O./P.P. 3,10.5,America
698,1,CD,Henricus Haterius,no,,0,0,,77.333,Africa
590,0,CD,Lystiteles Curio,yes,,0,0,,8.05,America
242,1,CD,Citro Vopiscus,no,,1,0,,15.5,Africa
613,1,CD,Candidus Salonius,no,,1,0,,15.5,Africa
776,0,CD,Chalinus Calpornius,yes,18,0,0,347078,7.75,America
288,0,CD,Firminus Didicus,yes,22,0,0,349206,78.958,America
876,1,CD,Callidamates Rogatus,no,15,0,0,2667,7.225,Eurasia
382,1,CD,Diniarchus Vespasius,no,1,0,2,2653,157.417,Eurasia
623,1,CD,Abelus Maro,yes,20,1,1,2653,157.417,Eurasia
740,0,CD,Auxilium Remus,yes,,0,0,,78.958,America
123,0,CP,Charinus Rufinius,yes,32.5,1,0,237736,300.708,Eurasia
10,1,CP,Philippus Roscius,no,14,1,0,237736,300.708,Eurasia
274,0,CB,Erotium Quarto,yes,37,0,1,PC 17596,29.7,Eurasia
341,1,CP,Cleomachus Tullas,yes,2,1,1,230080,26,America
194,1,CP,Lydus Acacius,yes,3,1,1,230080,26,America
149,0,CP,Tycho Libo,yes,36.5,0,2,230080,26,America
224,0,CD,Antamonides Cenaeus,yes,,0,0,,78.958,America
216,1,CB,Dionysius Avienus,no,31,1,0,35273,113.275,Eurasia
394,1,CB,Crocotium Clodian,no,23,1,0,35273,113.275,Eurasia
660,0,CB,Philematium Asina,yes,58,0,2,35273,113.275,Eurasia
137,1,CB,Philocomasium Sylvian,no,19,0,2,11752,262.833,America
146,0,CP,Severinus Rufinus,yes,19,1,1,C.A. 33112,36.75,America
546,0,CB,Milphio Valentinus,yes,64,0,0,693,26,America
126,1,CD,Tedusius Patricius,yes,12,1,0,2651,112.417,Eurasia
40,1,CD,Georgius Typhoeus,no,14,1,0,2651,112.417,Eurasia
316,1,CD,Eligius Osterius,no,26,0,0,347470,78.542,America
762,0,CD,Hadrius Ordius,yes,41,0,0,SOTON/O2 3101272,7.125,America
401,1,CD,Pleusicles Perennis,yes,39,0,0,STON/O 2. 3101289,7.925,America
563,0,CP,Stadius Bamballio,yes,28,0,0,218629,13.5,America
52,0,CD,Phanostrata Voteporix,yes,21,0,0,A/4. 39886,7.8,America
58,0,CD,Aurelio Caldus,yes,28.5,0,0,2697,72.292,Eurasia
67,1,CP,Petrus Sollemnis,no,29,0,0,C.A. 29395,10.5,America
142,1,CD,Lesbonicus Bonus,no,22,0,0,347081,7.75,America
327,0,CD,Augustinus Trebonius,yes,61,0,0,345364,62.375,America
365,0,CD,Pyrgopolinices Sacerdos,yes,,1,0,,15.5,Africa
553,0,CD,Gorgines Fagus,yes,,0,0,,78.292,Africa
187,1,CD,Cylindrus Marcellus,no,,1,0,,15.5,Africa
630,0,CD,Artemona Metilius,yes,,0,0,,77.333,Africa
460,0,CD,Chrysalus Generidus,yes,,0,0,,7.75,Africa
351,0,CD,Phaedria Damasippus,yes,23,0,0,7267,9.225,America
48,1,CD,Gulielmus Tiberinus,no,,0,0,,7.75,Africa
29,1,CD,Demiphones Arpagius,no,,0,0,,78.792,Africa
555,1,CD,Adelphasium Magnentius,no,22,0,0,347085,7.775,America
654,1,CD,Planesium Frumentius,no,,0,0,,78.292,Africa
509,0,CD,Advocati Herculius,yes,28,0,0,C 4001,22.525,America
198,0,CD,Callicles Fabillus,yes,42,0,1,4579,84.042,America
155,0,CD,Truculentus Vergilius,yes,,0,0,,73.125,America
397,0,CD,Cleareta Isauricus,no,31,0,0,350407,78.542,America
282,0,CD,Piscatores Crescentius,yes,28,0,0,347464,78.542,America
683,0,CD,Calidorus Vestorius,yes,20,0,0,6563,9.225,America
405,0,CD,Henricus Haterius,no,20,0,0,315096,86.625,America
726,0,CD,Lystiteles Curio,yes,20,0,0,315094,86.625,America
139,0,CD,Citro Vopiscus,yes,16,0,0,7534,92.167,America
798,1,CD,Candidus Salonius,no,31,0,0,349244,86.833,America
55,0,CB,Chalinus Calpornius,yes,65,0,1,113509,619.792,Eurasia
503,0,CD,Firminus Didicus,no,,0,0,,76.292,Africa
796,0,CP,Callidamates Rogatus,yes,39,0,0,28213,13,America
548,1,CP,Diniarchus Vespasius,yes,,0,0,,138.625,Eurasia
399,0,CP,Abelus Maro,yes,23,0,0,244278,10.5,America
8,0,CD,Auxilium Remus,yes,2,3,1,349909,21.075,America
375,0,CD,Charinus Rufinius,no,3,3,1,349909,21.075,America
25,0,CD,Philippus Roscius,no,8,3,1,349909,21.075,America
568,0,CD,Erotium Quarto,no,29,0,4,349909,21.075,America
165,0,CD,Cleomachus Tullas,yes,1,4,1,3101295,396.875,America
51,0,CD,Lydus Acacius,yes,7,4,1,3101295,396.875,America
825,0,CD,Tycho Libo,yes,2,4,1,3101295,396.875,America
267,0,CD,Antamonides Cenaeus,yes,16,4,1,3101295,396.875,America
687,0,CD,Dionysius Avienus,yes,14,4,1,3101295,396.875,America
639,0,CD,Crocotium Clodian,no,41,0,5,3101295,396.875,America
278,0,CP,Philematium Asina,yes,,0,0,,0,America
634,0,CB,Philocomasium Sylvian,yes,,0,0,,0,America
260,1,CP,Severinus Rufinus,no,50,0,1,230433,26,America
332,0,CB,Milphio Valentinus,yes,45.5,0,0,113043,28.5,America
837,0,CD,Tedusius Patricius,yes,21,0,0,315097,86.625,America
576,0,CD,Georgius Typhoeus,yes,19,0,0,358585,14.5,America
585,0,CD,Eligius Osterius,yes,,0,0,,87.125,Eurasia
520,0,CD,Hadrius Ordius,yes,32,0,0,349242,78.958,America
337,0,CB,Pleusicles Perennis,yes,29,1,0,113776,66.6,America
152,1,CB,Stadius Bamballio,no,22,1,0,113776,66.6,America
455,0,CD,Phanostrata Voteporix,yes,,0,0,,8.05,America
116,0,CD,Aurelio Caldus,yes,21,0,0,STON/O 2. 3101294,7.925,America
506,0,CB,Petrus Sollemnis,yes,18,1,0,PC 17758,108.9,Eurasia
308,1,CB,Lesbonicus Bonus,no,17,1,0,PC 17758,108.9,Eurasia
239,0,CP,Augustinus Trebonius,yes,19,0,0,28665,10.5,America
213,0,CD,Pyrgopolinices Sacerdos,yes,22,0,0,A/5 21174,7.25,America
182,0,CP,Gorgines Fagus,yes,,0,0,,15.05,Eurasia
521,1,CB,Cylindrus Marcellus,no,30,0,0,12749,93.5,America
268,1,CD,Artemona Metilius,yes,25,1,0,347083,7.775,America
129,1,CD,Chrysalus Generidus,no,,1,1,,223.583,Eurasia
534,1,CD,Phaedria Damasippus,no,,0,2,,223.583,Eurasia
681,0,CD,Gulielmus Tiberinus,no,,0,0,,81.375,Africa
101,0,CD,Demiphones Arpagius,no,28,0,0,349245,78.958,America
878,0,CD,Adelphasium Magnentius,yes,19,0,0,349212,78.958,America
102,0,CD,Planesium Frumentius,yes,,0,0,,78.958,America
443,0,CD,Advocati Herculius,yes,25,1,0,347076,7.775,America
808,0,CD,Callicles Fabillus,no,18,0,0,347087,7.775,America
450,1,CB,Truculentus Vergilius,yes,52,0,0,113786,30.5,America
428,1,CP,Cleareta Isauricus,no,19,0,0,250655,26,America
430,1,CD,Piscatores Crescentius,yes,32,0,0,SOTON/O.Q. 392078,8.05,America
191,1,CP,Calidorus Vestorius,no,32,0,0,234604,13,America
385,0,CD,Henricus Haterius,yes,,0,0,,78.958,America
801,0,CP,Lystiteles Curio,yes,34,0,0,250647,13,America
111,0,CB,Citro Vopiscus,yes,47,0,0,110465,52,America
880,1,CB,Candidus Salonius,no,56,0,1,11767,831.583,Eurasia
531,1,CP,Chalinus Calpornius,no,2,1,1,26360,26,America
507,1,CP,Firminus Didicus,no,33,0,2,26360,26,America
657,0,CD,Callidamates Rogatus,yes,,0,0,,78.958,America
860,0,CD,Diniarchus Vespasius,yes,,0,0,,72.292,Eurasia
251,0,CD,Abelus Maro,yes,,0,0,,7.25,America
266,0,CP,Auxilium Remus,yes,36,0,0,C.A. 17248,10.5,America
109,0,CD,Charinus Rufinius,yes,38,0,0,349249,78.958,America
477,0,CP,Philippus Roscius,yes,34,1,0,31027,21,America
727,1,CP,Erotium Quarto,no,30,3,0,31027,21,America
823,0,CB,Cleomachus Tullas,yes,38,0,0,19972,0,America
444,1,CP,Lydus Acacius,no,28,0,0,230434,13,America
172,0,CD,Tycho Libo,yes,4,4,1,382652,29.125,Africa
279,0,CD,Antamonides Cenaeus,yes,7,4,1,382652,29.125,Africa
17,0,CD,Dionysius Avienus,yes,2,4,1,382652,29.125,Africa
788,0,CD,Crocotium Clodian,yes,8,4,1,382652,29.125,Africa
886,0,CD,Philematium Asina,no,39,0,5,382652,29.125,Africa
136,0,CP,Philocomasium Sylvian,yes,23,0,0,SC/PARIS 2133,150.458,Eurasia
832,1,CP,Severinus Rufinus,yes,0.83,1,1,29106,18.75,America
408,1,CP,Milphio Valentinus,yes,3,1,1,29106,18.75,America
438,1,CP,Tedusius Patricius,no,24,2,3,29106,18.75,America
527,1,CP,Georgius Typhoeus,no,50,0,0,W./C. 14258,10.5,America
374,0,CB,Eligius Osterius,yes,22,0,0,PC 17760,1.356.333,Eurasia
591,0,CD,Hadrius Ordius,yes,35,0,0,STON/O 2. 3101273,7.125,America
539,0,CD,Pleusicles Perennis,yes,,0,0,,14.5,America
558,0,CB,Stadius Bamballio,yes,,0,0,,227.525,Eurasia
780,1,CB,Phanostrata Voteporix,no,43,0,1,24160,2.113.375,America
133,0,CD,Aurelio Caldus,no,47,1,0,A/5. 3337,14.5,America
868,0,CB,Petrus Sollemnis,yes,31,0,0,PC 17590,504.958,America
46,0,CD,Lesbonicus Bonus,yes,,0,0,,8.05,America
188,1,CB,Augustinus Trebonius,yes,45,0,0,111428,26.55,America
668,0,CD,Pyrgopolinices Sacerdos,yes,,0,0,,7.775,America
186,0,CB,Gorgines Fagus,yes,,0,0,,50,America
425,0,CD,Cylindrus Marcellus,yes,18,1,1,370129,202.125,America
255,0,CD,Artemona Metilius,no,41,0,2,370129,202.125,America
584,0,CB,Chrysalus Generidus,yes,36,0,0,13049,40.125,Eurasia
760,1,CB,Phaedria Damasippus,no,33,0,0,110152,86.5,America
514,1,CB,Gulielmus Tiberinus,no,54,1,0,PC 17603,59.4,Eurasia
483,0,CD,Demiphones Arpagius,yes,50,0,0,A/5 3594,8.05,America
57,1,CP,Adelphasium Magnentius,no,21,0,0,C.A. 31026,10.5,America
575,0,CD,Planesium Frumentius,yes,16,0,0,A/4. 20589,8.05,America
518,0,CD,Advocati Herculius,yes,,0,0,,24.15,Africa
312,1,CB,Callicles Fabillus,no,18,2,2,PC 17608,262.375,Eurasia
743,1,CB,Truculentus Vergilius,no,21,2,2,PC 17608,262.375,Eurasia
833,0,CD,Cleareta Isauricus,yes,,0,0,,72.292,Eurasia
694,0,CD,Piscatores Crescentius,yes,25,0,0,2672,7.225,Eurasia
299,1,CB,Calidorus Vestorius,yes,,0,0,,30.5,America
389,0,CD,Henricus Haterius,yes,,0,0,,77.292,Africa
160,0,CD,Lystiteles Curio,yes,,8,2,,69.55,America
181,0,CD,Citro Vopiscus,no,,8,2,,69.55,America
864,0,CD,Candidus Salonius,no,,8,2,,69.55,America
793,0,CD,Chalinus Calpornius,no,,8,2,,69.55,America
847,0,CD,Firminus Didicus,yes,,8,2,,69.55,America
202,0,CD,Callidamates Rogatus,yes,,8,2,,69.55,America
325,0,CD,Diniarchus Vespasius,yes,,8,2,,69.55,America
642,1,CB,Abelus Maro,no,24,0,0,PC 17477,69.3,Eurasia
107,1,CD,Auxilium Remus,no,21,0,0,343120,7.65,America
529,0,CD,Charinus Rufinius,yes,39,0,0,3101296,7.925,America
49,0,CD,Philippus Roscius,yes,,2,0,,216.792,Eurasia
11,1,CD,Erotium Quarto,no,4,1,1,PP 9549,16.7,America
395,1,CD,Cleomachus Tullas,no,24,0,2,PP 9549,16.7,America
13,0,CD,Lydus Acacius,yes,20,0,0,A/5. 2151,8.05,America
677,0,CD,Tycho Libo,yes,24.5,0,0,342826,8.05,America
469,0,CD,Antamonides Cenaeus,yes,,0,0,,7.725,Africa
411,0,CD,Dionysius Avienus,yes,,0,0,,78.958,America
344,0,CP,Crocotium Clodian,yes,25,0,0,244361,13,America
843,1,CB,Philematium Asina,no,30,0,0,113798,31,Eurasia
448,1,CB,Philocomasium Sylvian,yes,34,0,0,113794,26.55,America
552,0,CP,Severinus Rufinus,yes,27,0,0,244358,26,America
82,1,CD,Milphio Valentinus,yes,29,0,0,345779,9.5,America
498,0,CD,Tedusius Patricius,yes,,0,0,,15.1,America
881,1,CP,Georgius Typhoeus,no,25,0,1,230433,26,America
96,0,CD,Eligius Osterius,yes,,0,0,,8.05,America
610,1,CB,Hadrius Ordius,no,40,0,0,PC 17582,1.534.625,America
418,1,CP,Pleusicles Perennis,no,18,0,2,250652,13,America
702,1,CB,Stadius Bamballio,yes,35,0,0,PC 17475,262.875,America
435,0,CB,Phanostrata Voteporix,yes,50,1,0,13507,55.9,America
578,1,CB,Aurelio Caldus,no,39,1,0,13507,55.9,America
564,0,CD,Petrus Sollemnis,yes,,0,0,,8.05,America
648,1,CB,Lesbonicus Bonus,yes,56,0,0,13213,35.5,Eurasia
748,1,CP,Augustinus Trebonius,no,30,0,0,250648,13,America
61,0,CD,Pyrgopolinices Sacerdos,yes,22,0,0,2669,72.292,Eurasia
838,0,CD,Gorgines Fagus,yes,,0,0,,8.05,America
562,0,CD,Cylindrus Marcellus,yes,40,0,0,349251,78.958,America
174,0,CD,Artemona Metilius,yes,21,0,0,STON/O 2. 3101280,7.925,America
787,1,CD,Chrysalus Generidus,no,18,0,0,3101265,74.958,America
233,0,CP,Phaedria Damasippus,yes,59,0,0,237442,13.5,America
64,0,CD,Gulielmus Tiberinus,yes,4,3,2,347088,27.9,America
820,0,CD,Demiphones Arpagius,yes,10,3,2,347088,27.9,America
635,0,CD,Adelphasium Magnentius,no,9,3,2,347088,27.9,America
643,0,CD,Planesium Frumentius,no,2,3,2,347088,27.9,America
361,0,CD,Advocati Herculius,yes,40,1,4,347088,27.9,America
168,0,CD,Callicles Fabillus,no,45,1,4,347088,27.9,America
602,0,CD,Truculentus Vergilius,yes,,0,0,,78.958,America
323,1,CP,Cleareta Isauricus,no,30,0,0,234818,12.35,Africa
813,0,CP,Piscatores Crescentius,yes,35,0,0,28206,10.5,America
88,0,CD,Calidorus Vestorius,yes,,0,0,,8.05,America
24,1,CB,Henricus Haterius,yes,28,0,0,113788,35.5,America
468,0,CB,Lystiteles Curio,yes,56,0,0,113792,26.55,America
159,0,CD,Citro Vopiscus,yes,,0,0,,86.625,America
347,1,CP,Candidus Salonius,no,40,0,0,31418,13,America
175,0,CB,Chalinus Calpornius,yes,56,0,0,17764,306.958,Eurasia
285,0,CB,Firminus Didicus,yes,,0,0,,26,America
261,0,CD,Callidamates Rogatus,yes,,0,0,,7.75,Africa
135,0,CP,Diniarchus Vespasius,yes,25,0,0,C.A. 29178,13,America
716,0,CD,Abelus Maro,yes,19,0,0,348124,7.65,America
489,0,CD,Auxilium Remus,yes,30,0,0,A.5. 18509,8.05,America
320,1,CB,Charinus Rufinius,no,40,1,1,16966,134.5,Eurasia
32,1,CB,Philippus Roscius,no,,1,0,,1.465.208,Eurasia
633,1,CB,Erotium Quarto,yes,32,0,0,13214,30.5,Eurasia
77,0,CD,Cleomachus Tullas,yes,,0,0,,78.958,America
286,0,CD,Lydus Acacius,yes,33,0,0,349239,86.625,Eurasia
650,1,CD,Tycho Libo,no,23,0,0,CA. 2314,7.55,America
495,0,CD,Antamonides Cenaeus,yes,21,0,0,A/4 45380,8.05,America
253,0,CB,Dionysius Avienus,yes,62,0,0,113514,26.55,America
592,1,CB,Crocotium Clodian,no,52,1,0,36947,782.667,Eurasia
65,0,CB,Philematium Asina,yes,,0,0,,277.208,Eurasia
830,1,CB,Philocomasium Sylvian,no,62,0,0,113572,80,
567,0,CD,Severinus Rufinus,yes,19,0,0,349205,78.958,America
475,0,CD,Milphio Valentinus,no,22,0,0,7553,98.375,America
745,1,CD,Tedusius Patricius,yes,31,0,0,STON/O 2. 3101288,7.925,America
206,0,CD,Georgius Typhoeus,no,2,0,1,347054,104.625,America
252,0,CD,Eligius Osterius,no,29,1,1,347054,104.625,America
221,1,CD,Hadrius Ordius,yes,16,0,0,SOTON/OQ 392089,8.05,America
415,1,CD,Pleusicles Perennis,yes,44,0,0,STON/O 2. 3101269,7.925,America
885,0,CD,Stadius Bamballio,yes,25,0,0,SOTON/OQ 392076,7.05,America
626,0,CB,Phanostrata Voteporix,yes,61,0,0,36963,323.208,America
852,0,CD,Aurelio Caldus,yes,74,0,0,347060,7.775,America
500,0,CD,Petrus Sollemnis,yes,24,0,0,350035,77.958,America
863,1,CB,Lesbonicus Bonus,no,48,0,0,17466,259.292,America
586,1,CB,Augustinus Trebonius,no,18,0,2,110413,79.65,America
263,0,CB,Pyrgopolinices Sacerdos,yes,52,1,1,110413,79.65,America
559,1,CB,Gorgines Fagus,no,39,1,1,110413,79.65,America
713,1,CB,Cylindrus Marcellus,yes,48,1,0,19996,52,America
670,1,CB,Artemona Metilius,no,,1,0,,52,America
699,0,CB,Chrysalus Generidus,yes,49,1,1,17421,1.108.833,Eurasia
551,1,CB,Phaedria Damasippus,yes,17,0,2,17421,1.108.833,Eurasia
582,1,CB,Gulielmus Tiberinus,no,39,1,1,17421,1.108.833,Eurasia
759,0,CD,Demiphones Arpagius,yes,34,0,0,363294,8.05,America
804,1,CD,Adelphasium Magnentius,yes,0.42,0,1,2625,85.167,Eurasia
257,1,CB,Planesium Frumentius,no,,0,0,,79.2,Eurasia
640,0,CD,Advocati Herculius,yes,,1,0,,16.1,America
432,1,CD,Callicles Fabillus,no,,1,0,,16.1,America
383,0,CD,Truculentus Vergilius,yes,32,0,0,STON/O 2. 3101293,7.925,America
777,0,CD,Cleareta Isauricus,yes,,0,0,,7.75,Africa
30,0,CD,Piscatores Crescentius,yes,,0,0,,78.958,America
815,0,CD,Calidorus Vestorius,yes,30.5,0,0,364499,8.05,America
459,1,CP,Henricus Haterius,no,50,0,0,F.C.C. 13531,10.5,America
604,0,CD,Lystiteles Curio,yes,44,0,0,364511,8.05,America
272,1,CD,Citro Vopiscus,yes,25,0,0,LINE,0,America
532,0,CD,Candidus Salonius,yes,,0,0,,72.292,Eurasia
256,1,CD,Chalinus Calpornius,no,29,0,2,2650,152.458,Eurasia
735,0,CP,Firminus Didicus,yes,23,0,0,233639,13,America
400,1,CP,Callidamates Rogatus,no,28,0,0,240929,12.65,America
718,1,CP,Diniarchus Vespasius,no,27,0,0,34218,10.5,America
190,0,CD,Abelus Maro,yes,36,0,0,349247,78.958,America
678,1,CD,Auxilium Remus,no,18,0,0,4138,98.417,America
484,1,CD,Charinus Rufinius,no,63,0,0,4134,95.875,America
118,0,CP,Philippus Roscius,yes,29,1,0,11668,21,America
42,0,CP,Erotium Quarto,no,27,1,0,11668,21,America
31,0,CB,Cleomachus Tullas,yes,40,0,0,PC 17601,277.208,Eurasia
154,0,CD,Lydus Acacius,yes,40.5,0,2,A/5. 851,14.5,America
171,0,CB,Tycho Libo,yes,61,0,0,111240,33.5,America
420,0,CD,Antamonides Cenaeus,no,10,0,2,345773,24.15,America
596,0,CD,Dionysius Avienus,yes,36,1,1,345773,24.15,America
800,0,CD,Crocotium Clodian,no,30,1,1,345773,24.15,America
869,0,CD,Philematium Asina,yes,,0,0,,9.5,America
753,0,CD,Philocomasium Sylvian,yes,33,0,0,345780,9.5,America
201,0,CD,Severinus Rufinus,yes,28,0,0,345770,9.5,America
356,0,CD,Milphio Valentinus,yes,28,0,0,345783,9.5,America
874,0,CD,Tedusius Patricius,yes,47,0,0,345765,9,America
39,0,CD,Georgius Typhoeus,no,18,2,0,345764,18,America
334,0,CD,Eligius Osterius,yes,16,2,0,345764,18,America
19,0,CD,Hadrius Ordius,no,31,1,0,345763,18,America
15,0,CD,Pleusicles Perennis,no,14,0,0,350406,78.542,America
522,0,CD,Stadius Bamballio,yes,22,0,0,349252,78.958,America
81,0,CD,Phanostrata Voteporix,yes,22,0,0,345767,9,America
516,0,CB,Aurelio Caldus,yes,47,0,0,36967,340.208,America
259,1,CB,Crocotium Capiton,no,35,0,0,PC 17755,5.123.292,Eurasia
367,1,CB,Gymnasium Quietus,no,60,1,0,110813,75.25,Eurasia
675,0,CP,Periphanes Varus,yes,,0,0,,0,America
162,1,CP,Eleusium Taenaris,no,40,0,0,C.A. 33595,15.75,America
124,1,CP,Pardalisca Bodenius,no,32.5,0,0,27267,13,America
512,0,CD,Leonida Eugenius,yes,,0,0,,8.05,America
695,0,CB,Staphyla Vibennis,yes,60,0,0,113800,26.55,America
134,1,CP,Coquus Decius,no,29,1,0,228414,26,America
751,1,CP,Hegio Perennis,no,4,1,1,29103,23,America
59,1,CP,Augustinus Nolus,no,5,1,2,C.A. 34651,27.75,America
451,0,CP,Collybiscus Veturius,yes,36,1,2,C.A. 34651,27.75,America
473,1,CP,Sceparnio Docilinus,no,33,1,2,C.A. 34651,27.75,America
34,0,CP,Erotium Celer,yes,66,0,0,C.A. 24579,10.5,America
125,0,CB,Olympio Gavros,yes,54,0,1,35281,772.875,America
103,0,CB,Tranio Honoratus,yes,21,0,1,35281,772.875,America
319,1,CB,Stadius Voteporix,no,31,0,2,36928,1.648.667,America
857,1,CB,Romanus Caldus,no,45,1,1,36928,1.648.667,America
407,0,CD,Isidorus Rufus,yes,51,0,0,347064,7.75,America
378,0,CB,Argyrippus Garilius,yes,27,0,2,113503,211.5,Eurasia
372,0,CD,Cocus Vulso,yes,18,1,0,3101267,64.958,America
674,1,CP,Phanostrata Symmachus,yes,31,0,0,244270,13,America
649,0,CD,Acanthio Martialis,yes,,0,0,,7.55,America
156,0,CB,Lycus Hirrus,yes,51,0,1,PC 17597,613.792,Eurasia
18,1,CP,Adamus Cecilius,yes,,0,0,,13,America
305,0,CD,Quintinus Cyprias,yes,,0,0,,8.05,America
736,0,CD,Lampadio Proculus,yes,28.5,0,0,54636,16.1,America
352,0,CB,Theopropides Lepidus,yes,,0,0,,35,America
492,0,CD,Sosicles Commidus,yes,21,0,0,SOTON/OQ 3101317,7.25,America
426,0,CD,Gripus Messala,yes,,0,0,,7.25,America
56,1,CB,Pseudolus Furius,yes,,0,0,,35.5,America
556,0,CB,Robertus Olympicus,yes,62,0,0,113807,26.55,America
621,0,CD,Delphium Civilis,yes,27,1,0,2659,144.542,Eurasia
831,1,CD,Callipho Iunius,no,15,1,0,2659,144.542,Eurasia
326,1,CB,Virgo Vincentius,no,36,0,0,PC 17760,1.356.333,Eurasia
204,0,CD,Philolaches Bubo,yes,45.5,0,0,2628,7.225,Eurasia
355,0,CD,Panegyris Augustanus,yes,,0,0,,7.225,Eurasia
496,0,CD,Gorgines Claudius,yes,,0,0,,144.583,Eurasia
200,0,CP,Stephanus Acilius,no,24,0,0,248747,13,America
112,0,CD,Baebio Pamphilius,no,14.5,1,0,2665,144.542,Eurasia
241,0,CD,Ergalisus Serranus,no,,1,0,,144.542,Eurasia
423,0,CD,Grumio Firmus,yes,29,0,0,315082,7.875,America
